date,channel,ad_spend,impressions,clicks,ctr,cost_per_click,leads,cost_per_lead,converted_customers,mrr_generated,roi
2024-01-01,Google Search Ads,1136.47,26784,1044,0.039,1.09,143,7.95,28,33600.0,28.565
2024-01-01,LinkedIn B2B,2068.73,17801,322,0.0181,6.42,19,108.88,1,1200.0,-0.42
2024-01-01,Meta Retargeting,655.29,26826,836,0.0312,0.78,106,6.18,11,13200.0,19.144
2024-01-01,Organic SEO,250.0,15433,543,0.0352,0.46,57,4.39,6,7200.0,27.8
2024-01-01,Partner Referral,479.45,7519,418,0.0557,1.15,47,10.2,6,3900.0,7.134
2024-01-02,Google Search Ads,986.96,23727,669,0.0282,1.48,49,20.14,8,1200.0,0.216
2024-01-02,LinkedIn B2B,2136.9,17262,346,0.0201,6.18,42,50.88,5,3250.0,0.521
2024-01-02,Meta Retargeting,725.56,32568,732,0.0225,0.99,82,8.85,12,7800.0,9.75
2024-01-02,Organic SEO,250.0,13472,480,0.0357,0.52,61,4.1,9,1350.0,4.4
2024-01-02,Partner Referral,408.35,5693,289,0.0508,1.41,30,13.61,3,1950.0,3.775
2024-01-03,Google Search Ads,1417.61,32106,1422,0.0443,1.0,87,16.29,9,1350.0,-0.048
2024-01-03,LinkedIn B2B,1565.65,18557,285,0.0154,5.49,25,62.63,4,600.0,-0.617
2024-01-03,Meta Retargeting,538.34,20527,535,0.0261,1.01,43,12.52,7,1050.0,0.95
2024-01-03,Organic SEO,250.0,16849,712,0.0423,0.35,56,4.46,9,2700.0,9.8
2024-01-03,Partner Referral,310.15,4951,263,0.0532,1.18,24,12.92,3,900.0,1.902
2024-01-04,Google Search Ads,1293.95,26544,828,0.0312,1.56,74,17.49,14,2100.0,0.623
2024-01-04,LinkedIn B2B,2180.25,28429,793,0.0279,2.75,64,34.07,12,14400.0,5.605
2024-01-04,Meta Retargeting,446.58,13985,455,0.0326,0.98,49,9.11,8,9600.0,20.497
2024-01-04,Organic SEO,250.0,18575,926,0.0499,0.27,92,2.72,16,4800.0,18.2
2024-01-04,Partner Referral,583.1,6914,289,0.0418,2.02,32,18.22,6,7200.0,11.348
2024-01-05,Google Search Ads,1134.71,23864,851,0.0357,1.33,75,15.13,9,10800.0,8.518
2024-01-05,LinkedIn B2B,1244.11,13142,214,0.0163,5.81,25,49.76,5,750.0,-0.397
2024-01-05,Meta Retargeting,751.69,28113,691,0.0246,1.09,47,15.99,9,2700.0,2.592
2024-01-05,Organic SEO,250.0,17157,645,0.0376,0.39,83,3.01,14,2100.0,7.4
2024-01-05,Partner Referral,567.96,5705,355,0.0623,1.6,36,15.78,6,900.0,0.585
2024-01-06,Google Search Ads,1300.9,28317,1243,0.0439,1.05,98,13.27,13,1950.0,0.499
2024-01-06,LinkedIn B2B,1895.21,19051,365,0.0192,5.19,44,43.07,4,600.0,-0.683
2024-01-06,Meta Retargeting,564.32,21275,489,0.023,1.15,49,11.52,10,1500.0,1.658
2024-01-06,Organic SEO,250.0,14891,790,0.0531,0.32,110,2.27,16,19200.0,75.8
2024-01-06,Partner Referral,382.27,5207,208,0.0401,1.84,18,21.24,1,300.0,-0.215
2024-01-07,Google Search Ads,1297.85,25731,892,0.0347,1.45,113,11.49,19,22800.0,16.568
2024-01-07,LinkedIn B2B,1533.6,18337,491,0.0268,3.12,38,40.36,6,900.0,-0.413
2024-01-07,Meta Retargeting,458.99,18512,449,0.0243,1.02,41,11.19,5,6000.0,12.072
2024-01-07,Organic SEO,250.0,13176,718,0.0545,0.35,55,4.55,11,7150.0,27.6
2024-01-07,Partner Referral,459.02,6487,380,0.0587,1.21,30,15.3,3,1950.0,3.248
2024-01-08,Google Search Ads,1068.21,22519,792,0.0352,1.35,89,12.0,17,11050.0,9.344
2024-01-08,LinkedIn B2B,1752.86,22252,469,0.0211,3.74,29,60.44,5,3250.0,0.854
2024-01-08,Meta Retargeting,636.26,21740,569,0.0262,1.12,65,9.79,11,13200.0,19.746
2024-01-08,Organic SEO,250.0,18431,904,0.0491,0.28,70,3.57,10,1500.0,5.0
2024-01-08,Partner Referral,333.8,4588,206,0.0451,1.62,13,25.68,1,1200.0,2.595
2024-01-09,Google Search Ads,885.24,21074,680,0.0323,1.3,68,13.02,12,3600.0,3.067
2024-01-09,LinkedIn B2B,1202.06,12096,258,0.0214,4.66,32,37.56,6,1800.0,0.497
2024-01-09,Meta Retargeting,662.53,22502,517,0.023,1.28,31,21.37,6,3900.0,4.887
2024-01-09,Organic SEO,250.0,17430,629,0.0361,0.4,40,6.25,7,1050.0,3.2
2024-01-09,Partner Referral,374.05,5241,235,0.045,1.59,20,18.7,2,600.0,0.604
2024-01-10,Google Search Ads,1023.83,19847,696,0.0351,1.47,57,17.96,8,2400.0,1.344
2024-01-10,LinkedIn B2B,1930.22,23786,470,0.0198,4.11,54,35.74,8,9600.0,3.974
2024-01-10,Meta Retargeting,594.01,21037,622,0.0296,0.95,79,7.52,17,2550.0,3.293
2024-01-10,Organic SEO,250.0,14646,717,0.049,0.35,73,3.42,14,4200.0,15.8
2024-01-10,Partner Referral,472.55,7575,419,0.0554,1.13,34,13.9,6,3900.0,7.253
2024-01-11,Google Search Ads,1129.76,21507,914,0.0425,1.24,60,18.83,8,9600.0,7.497
2024-01-11,LinkedIn B2B,1666.82,23138,513,0.0222,3.25,69,24.16,13,1950.0,0.17
2024-01-11,Meta Retargeting,461.72,18999,543,0.0286,0.85,55,8.39,11,1650.0,2.574
2024-01-11,Organic SEO,250.0,18083,745,0.0412,0.34,86,2.91,13,15600.0,61.4
2024-01-11,Partner Referral,375.48,6220,319,0.0513,1.18,39,9.63,6,3900.0,9.387
2024-01-12,Google Search Ads,950.23,20726,632,0.0305,1.5,79,12.03,10,3000.0,2.157
2024-01-12,LinkedIn B2B,1215.35,12691,274,0.0216,4.44,22,55.24,3,900.0,-0.259
2024-01-12,Meta Retargeting,685.48,29071,686,0.0236,1.0,78,8.79,10,12000.0,16.506
2024-01-12,Organic SEO,250.0,14004,753,0.0538,0.33,75,3.33,8,5200.0,19.8
2024-01-12,Partner Referral,409.3,4493,192,0.0429,2.13,17,24.08,3,450.0,0.099
2024-01-13,Google Search Ads,1491.89,32111,1416,0.0441,1.05,188,7.94,40,26000.0,16.428
2024-01-13,LinkedIn B2B,1265.04,13861,386,0.0279,3.28,35,36.14,5,750.0,-0.407
2024-01-13,Meta Retargeting,443.48,18481,515,0.0279,0.86,56,7.92,11,3300.0,6.441
2024-01-13,Organic SEO,250.0,19731,724,0.0367,0.35,90,2.78,12,3600.0,13.4
2024-01-13,Partner Referral,436.92,4395,258,0.0588,1.69,27,16.18,3,900.0,1.06
2024-01-14,Google Search Ads,901.45,17869,562,0.0315,1.6,49,18.4,5,1500.0,0.664
2024-01-14,LinkedIn B2B,1669.78,20546,429,0.0209,3.89,54,30.92,7,8400.0,4.031
2024-01-14,Meta Retargeting,608.28,22904,735,0.0321,0.83,85,7.16,12,3600.0,4.918
2024-01-14,Organic SEO,250.0,14563,626,0.043,0.4,71,3.52,10,12000.0,47.0
2024-01-14,Partner Referral,421.8,7041,297,0.0422,1.42,31,13.61,5,1500.0,2.556
2024-01-15,Google Search Ads,1230.34,29972,1022,0.0341,1.2,118,10.43,12,1800.0,0.463
2024-01-15,LinkedIn B2B,1850.62,23386,537,0.023,3.45,54,34.27,11,7150.0,2.864
2024-01-15,Meta Retargeting,442.61,18772,495,0.0264,0.89,58,7.63,8,2400.0,4.422
2024-01-15,Organic SEO,250.0,15288,794,0.052,0.31,63,3.97,8,9600.0,37.4
2024-01-15,Partner Referral,543.88,9776,621,0.0636,0.88,60,9.06,10,1500.0,1.758
2024-01-16,Google Search Ads,1099.4,20149,737,0.0366,1.49,48,22.9,9,2700.0,1.456
2024-01-16,LinkedIn B2B,1333.07,12067,306,0.0254,4.36,30,44.44,3,900.0,-0.325
2024-01-16,Meta Retargeting,728.7,24968,654,0.0262,1.11,66,11.04,14,16800.0,22.055
2024-01-16,Organic SEO,250.0,17008,909,0.0535,0.28,94,2.66,10,3000.0,11.0
2024-01-16,Partner Referral,549.09,6667,335,0.0503,1.64,25,21.96,4,600.0,0.093
2024-01-17,Google Search Ads,957.77,18259,712,0.039,1.35,76,12.6,7,4550.0,3.751
2024-01-17,LinkedIn B2B,1776.91,15036,372,0.0248,4.78,49,36.26,7,2100.0,0.182
2024-01-17,Meta Retargeting,676.15,27363,659,0.0241,1.03,74,9.14,10,6500.0,8.613
2024-01-17,Organic SEO,250.0,16661,863,0.0518,0.29,72,3.47,14,4200.0,15.8
2024-01-17,Partner Referral,536.93,5824,269,0.0462,2.0,27,19.89,4,4800.0,7.94
2024-01-18,Google Search Ads,1430.85,30861,1209,0.0392,1.18,169,8.47,19,5700.0,2.984
2024-01-18,LinkedIn B2B,1694.37,22838,552,0.0242,3.07,63,26.89,11,3300.0,0.948
2024-01-18,Meta Retargeting,429.95,13783,435,0.0316,0.99,44,9.77,5,3250.0,6.559
2024-01-18,Organic SEO,250.0,17715,820,0.0463,0.3,50,5.0,6,1800.0,6.2
2024-01-18,Partner Referral,535.61,5424,224,0.0414,2.39,23,23.29,5,3250.0,5.068
2024-01-19,Google Search Ads,1326.38,27944,1084,0.0388,1.22,107,12.4,22,26400.0,18.904
2024-01-19,LinkedIn B2B,1667.41,20013,428,0.0214,3.9,48,34.74,9,2700.0,0.619
2024-01-19,Meta Retargeting,504.38,22104,815,0.0369,0.62,77,6.55,8,2400.0,3.758
2024-01-19,Organic SEO,250.0,18542,728,0.0393,0.34,97,2.58,9,5850.0,22.4
2024-01-19,Partner Referral,300.91,4560,273,0.0599,1.1,30,10.03,4,600.0,0.994
2024-01-20,Google Search Ads,985.04,18085,795,0.044,1.24,76,12.96,13,3900.0,2.959
2024-01-20,LinkedIn B2B,1774.73,24392,502,0.0206,3.54,37,47.97,5,3250.0,0.831
2024-01-20,Meta Retargeting,474.37,15011,348,0.0232,1.36,31,15.3,4,1200.0,1.53
2024-01-20,Organic SEO,250.0,16735,779,0.0466,0.32,89,2.81,14,9100.0,35.4
2024-01-20,Partner Referral,366.03,5462,376,0.069,0.97,26,14.08,4,1200.0,2.278
2024-01-21,Google Search Ads,827.93,19738,678,0.0344,1.22,44,18.82,6,900.0,0.087
2024-01-21,LinkedIn B2B,2109.22,20704,513,0.0248,4.11,50,42.18,10,1500.0,-0.289
2024-01-21,Meta Retargeting,622.0,26138,789,0.0302,0.79,107,5.81,21,3150.0,4.064
2024-01-21,Organic SEO,250.0,16032,564,0.0352,0.44,45,5.56,6,3900.0,14.6
2024-01-21,Partner Referral,583.31,9935,614,0.0619,0.95,38,15.35,5,750.0,0.286
2024-01-22,Google Search Ads,950.61,22835,929,0.0407,1.02,82,11.59,14,16800.0,16.673
2024-01-22,LinkedIn B2B,1511.94,13544,329,0.0243,4.6,41,36.88,5,6000.0,2.968
2024-01-22,Meta Retargeting,511.98,17218,383,0.0223,1.34,33,15.51,5,1500.0,1.93
2024-01-22,Organic SEO,250.0,17309,751,0.0434,0.33,62,4.03,9,1350.0,4.4
2024-01-22,Partner Referral,378.84,4995,257,0.0515,1.47,20,18.94,2,300.0,-0.208
2024-01-23,Google Search Ads,882.41,17017,566,0.0333,1.56,59,14.96,6,7200.0,7.159
2024-01-23,LinkedIn B2B,1467.14,12391,239,0.0193,6.14,23,63.79,2,600.0,-0.591
2024-01-23,Meta Retargeting,534.42,17350,586,0.0338,0.91,71,7.53,15,4500.0,7.42
2024-01-23,Organic SEO,250.0,14093,512,0.0364,0.49,44,5.68,4,1200.0,3.8
2024-01-23,Partner Referral,433.79,4777,236,0.0496,1.84,21,20.66,2,300.0,-0.308
2024-01-24,Google Search Ads,1489.64,35524,1005,0.0283,1.48,109,13.67,14,4200.0,1.819
2024-01-24,LinkedIn B2B,1441.78,12254,317,0.0259,4.55,25,57.67,2,300.0,-0.792
2024-01-24,Meta Retargeting,791.05,33054,1137,0.0344,0.7,100,7.91,10,12000.0,14.17
2024-01-24,Organic SEO,250.0,15190,824,0.0543,0.3,94,2.66,18,11700.0,45.8
2024-01-24,Partner Referral,388.95,4420,240,0.0543,1.62,29,13.41,4,4800.0,11.341
2024-01-25,Google Search Ads,1494.67,29231,1002,0.0343,1.49,107,13.97,19,5700.0,2.814
2024-01-25,LinkedIn B2B,1442.95,13974,318,0.0228,4.54,42,34.36,7,2100.0,0.455
2024-01-25,Meta Retargeting,472.91,16981,636,0.0375,0.74,42,11.26,7,2100.0,3.441
2024-01-25,Organic SEO,250.0,14800,590,0.0399,0.42,46,5.43,6,1800.0,6.2
2024-01-25,Partner Referral,563.96,9326,621,0.0666,0.91,67,8.42,10,12000.0,20.278
2024-01-26,Google Search Ads,890.73,19594,640,0.0327,1.39,65,13.7,9,10800.0,11.125
2024-01-26,LinkedIn B2B,1267.82,11962,281,0.0235,4.51,17,74.58,2,600.0,-0.527
2024-01-26,Meta Retargeting,574.89,25362,717,0.0283,0.8,97,5.93,20,24000.0,40.747
2024-01-26,Organic SEO,250.0,15655,670,0.0428,0.37,64,3.91,12,3600.0,13.4
2024-01-26,Partner Referral,356.22,4699,305,0.0651,1.17,32,11.13,6,1800.0,4.053
2024-01-27,Google Search Ads,1065.71,20481,581,0.0284,1.83,51,20.9,9,5850.0,4.489
2024-01-27,LinkedIn B2B,1675.16,14047,269,0.0192,6.23,23,72.83,4,1200.0,-0.284
2024-01-27,Meta Retargeting,585.47,21998,609,0.0277,0.96,70,8.36,8,5200.0,7.882
2024-01-27,Organic SEO,250.0,12494,457,0.0366,0.55,27,9.26,4,600.0,1.4
2024-01-27,Partner Referral,391.61,6076,288,0.0475,1.36,39,10.04,7,2100.0,4.362
2024-01-28,Google Search Ads,1097.07,26215,846,0.0323,1.3,118,9.3,16,10400.0,8.48
2024-01-28,LinkedIn B2B,2130.32,20961,544,0.026,3.92,62,34.36,12,7800.0,2.661
2024-01-28,Meta Retargeting,555.15,23788,804,0.0338,0.69,58,9.57,10,12000.0,20.616
2024-01-28,Organic SEO,250.0,19968,994,0.0498,0.25,108,2.31,21,3150.0,11.6
2024-01-28,Partner Referral,533.12,6006,262,0.0437,2.03,21,25.39,4,2600.0,3.877
2024-01-29,Google Search Ads,1198.05,27462,1178,0.0429,1.02,159,7.53,17,2550.0,1.128
2024-01-29,LinkedIn B2B,2164.5,20159,455,0.0226,4.76,52,41.62,10,6500.0,2.003
2024-01-29,Meta Retargeting,426.35,17645,561,0.0318,0.76,65,6.56,11,3300.0,6.74
2024-01-29,Organic SEO,250.0,17750,754,0.0425,0.33,94,2.66,9,5850.0,22.4
2024-01-29,Partner Referral,502.17,6046,252,0.0417,1.99,28,17.93,4,600.0,0.195
2024-01-30,Google Search Ads,1274.66,29792,1075,0.0361,1.19,82,15.54,15,2250.0,0.765
2024-01-30,LinkedIn B2B,1475.44,17141,303,0.0177,4.87,34,43.4,3,900.0,-0.39
2024-01-30,Meta Retargeting,794.36,27868,1045,0.0375,0.76,74,10.73,7,2100.0,1.644
2024-01-30,Organic SEO,250.0,17235,932,0.0541,0.27,115,2.17,22,6600.0,25.4
2024-01-30,Partner Referral,400.69,6044,271,0.0449,1.48,32,12.52,5,750.0,0.872
2024-01-31,Google Search Ads,1546.2,34658,1268,0.0366,1.22,122,12.67,26,3900.0,1.522
2024-01-31,LinkedIn B2B,2506.37,32331,507,0.0157,4.94,53,47.29,10,6500.0,1.593
2024-01-31,Meta Retargeting,407.78,12965,318,0.0246,1.28,24,16.99,4,4800.0,10.771
2024-01-31,Organic SEO,250.0,13099,530,0.0405,0.47,58,4.31,12,7800.0,30.2
2024-01-31,Partner Referral,475.54,5250,299,0.0571,1.59,36,13.21,7,2100.0,3.416
2024-02-01,Google Search Ads,1789.26,35469,1234,0.0348,1.45,106,16.88,20,6000.0,2.353
2024-02-01,LinkedIn B2B,2461.55,32737,906,0.0277,2.72,114,21.59,11,1650.0,-0.33
2024-02-01,Meta Retargeting,638.59,27802,700,0.0252,0.91,84,7.6,15,4500.0,6.047
2024-02-01,Organic SEO,250.0,16375,807,0.0493,0.31,110,2.27,18,2700.0,9.8
2024-02-01,Partner Referral,314.42,5338,318,0.0597,0.99,26,12.09,3,450.0,0.431
2024-02-02,Google Search Ads,1700.14,36316,1398,0.0385,1.22,137,12.41,29,34800.0,19.469
2024-02-02,LinkedIn B2B,2187.39,19720,307,0.0156,7.13,23,95.1,4,600.0,-0.726
2024-02-02,Meta Retargeting,601.21,19814,552,0.0279,1.09,45,13.36,6,900.0,0.497
2024-02-02,Organic SEO,250.0,13385,562,0.042,0.44,48,5.21,9,5850.0,22.4
2024-02-02,Partner Referral,326.6,5348,290,0.0543,1.13,30,10.89,5,750.0,1.296
2024-02-03,Google Search Ads,1391.94,26267,756,0.0288,1.84,102,13.65,13,3900.0,1.802
2024-02-03,LinkedIn B2B,1624.55,21272,338,0.0159,4.81,40,40.61,4,600.0,-0.631
2024-02-03,Meta Retargeting,746.38,33035,898,0.0272,0.83,83,8.99,15,9750.0,12.063
2024-02-03,Organic SEO,250.0,18833,956,0.0508,0.26,122,2.05,23,27600.0,109.4
2024-02-03,Partner Referral,388.0,4682,305,0.0652,1.27,23,16.87,4,1200.0,2.093
2024-02-04,Google Search Ads,1987.35,39314,1419,0.0361,1.4,112,17.74,22,14300.0,6.196
2024-02-04,LinkedIn B2B,2250.76,30872,524,0.017,4.3,55,40.92,11,3300.0,0.466
2024-02-04,Meta Retargeting,582.5,18847,539,0.0286,1.08,45,12.94,7,4550.0,6.811
2024-02-04,Organic SEO,250.0,15966,672,0.0421,0.37,62,4.03,8,5200.0,19.8
2024-02-04,Partner Referral,502.15,7280,477,0.0656,1.05,37,13.57,3,450.0,-0.104
2024-02-05,Google Search Ads,1383.68,26015,1004,0.0386,1.38,92,15.04,9,5850.0,3.228
2024-02-05,LinkedIn B2B,2537.04,26365,558,0.0212,4.55,67,37.87,9,5850.0,1.306
2024-02-05,Meta Retargeting,755.02,29969,1048,0.035,0.72,106,7.12,19,12350.0,15.357
2024-02-05,Organic SEO,250.0,14794,754,0.051,0.33,71,3.52,14,16800.0,66.2
2024-02-05,Partner Referral,486.47,8250,339,0.0412,1.44,38,12.8,7,8400.0,16.267
2024-02-06,Google Search Ads,1377.0,30856,1098,0.0356,1.25,80,17.21,11,13200.0,8.586
2024-02-06,LinkedIn B2B,2234.92,18404,299,0.0163,7.47,20,111.75,2,2400.0,0.074
2024-02-06,Meta Retargeting,646.83,19624,500,0.0255,1.29,43,15.04,4,2600.0,3.02
2024-02-06,Organic SEO,250.0,14590,758,0.052,0.33,88,2.84,17,11050.0,43.2
2024-02-06,Partner Referral,566.08,5926,259,0.0438,2.19,25,22.64,3,1950.0,2.445
2024-02-07,Google Search Ads,1254.36,28448,927,0.0326,1.35,57,22.01,6,1800.0,0.435
2024-02-07,LinkedIn B2B,2187.27,24319,556,0.0229,3.93,76,28.78,16,10400.0,3.755
2024-02-07,Meta Retargeting,757.94,26023,634,0.0244,1.2,70,10.83,11,1650.0,1.177
2024-02-07,Organic SEO,250.0,13845,502,0.0363,0.5,45,5.56,7,1050.0,3.2
2024-02-07,Partner Referral,472.18,6386,344,0.0539,1.37,46,10.26,5,6000.0,11.707
2024-02-08,Google Search Ads,1221.99,24546,709,0.0289,1.72,99,12.34,14,16800.0,12.748
2024-02-08,LinkedIn B2B,2007.07,26553,573,0.0216,3.5,45,44.6,6,900.0,-0.552
2024-02-08,Meta Retargeting,585.0,17712,559,0.0316,1.05,34,17.21,5,6000.0,9.256
2024-02-08,Organic SEO,250.0,14051,512,0.0365,0.49,32,7.81,5,1500.0,5.0
2024-02-08,Partner Referral,394.99,6099,272,0.0446,1.45,28,14.11,3,3600.0,8.114
2024-02-09,Google Search Ads,1717.4,40863,1405,0.0344,1.22,129,13.31,15,9750.0,4.677
2024-02-09,LinkedIn B2B,2251.26,30407,675,0.0222,3.34,43,52.35,7,1050.0,-0.534
2024-02-09,Meta Retargeting,581.72,24694,612,0.0248,0.95,47,12.38,6,900.0,0.547
2024-02-09,Organic SEO,250.0,19995,815,0.0408,0.31,59,4.24,9,2700.0,9.8
2024-02-09,Partner Referral,374.33,5609,359,0.0641,1.04,23,16.28,4,1200.0,2.206
2024-02-10,Google Search Ads,1932.15,39125,1627,0.0416,1.19,224,8.63,23,27600.0,13.285
2024-02-10,LinkedIn B2B,2483.87,33832,798,0.0236,3.11,48,51.75,6,7200.0,1.899
2024-02-10,Meta Retargeting,586.53,25655,887,0.0346,0.66,75,7.82,16,4800.0,7.184
2024-02-10,Organic SEO,250.0,14612,584,0.04,0.43,55,4.55,9,5850.0,22.4
2024-02-10,Partner Referral,304.24,4573,316,0.0692,0.96,24,12.68,4,600.0,0.972
2024-02-11,Google Search Ads,2134.88,46777,2044,0.0437,1.04,206,10.36,27,8100.0,2.794
2024-02-11,LinkedIn B2B,2190.8,24193,428,0.0177,5.12,48,45.64,8,1200.0,-0.452
2024-02-11,Meta Retargeting,711.44,28563,848,0.0297,0.84,118,6.03,17,5100.0,6.169
2024-02-11,Organic SEO,250.0,12920,538,0.0417,0.46,52,4.81,5,6000.0,23.0
2024-02-11,Partner Referral,305.06,3440,176,0.0513,1.73,12,25.42,1,150.0,-0.508
2024-02-12,Google Search Ads,1997.89,45571,1677,0.0368,1.19,200,9.99,33,21450.0,9.736
2024-02-12,LinkedIn B2B,2243.72,24285,590,0.0243,3.8,45,49.86,8,1200.0,-0.465
2024-02-12,Meta Retargeting,598.14,20208,753,0.0373,0.79,74,8.08,7,4550.0,6.607
2024-02-12,Organic SEO,250.0,14855,606,0.0408,0.41,46,5.43,9,2700.0,9.8
2024-02-12,Partner Referral,591.26,9254,549,0.0594,1.08,73,8.1,15,4500.0,6.611
2024-02-13,Google Search Ads,1850.43,44074,1859,0.0422,1.0,199,9.3,35,10500.0,4.674
2024-02-13,LinkedIn B2B,2271.27,29360,751,0.0256,3.02,81,28.04,8,5200.0,1.289
2024-02-13,Meta Retargeting,433.89,14406,370,0.0257,1.17,39,11.13,6,900.0,1.074
2024-02-13,Organic SEO,250.0,15494,788,0.0509,0.32,49,5.1,9,5850.0,22.4
2024-02-13,Partner Referral,339.95,5145,329,0.0641,1.03,40,8.5,7,8400.0,23.71
2024-02-14,Google Search Ads,2057.24,48541,1417,0.0292,1.45,169,12.17,36,5400.0,1.625
2024-02-14,LinkedIn B2B,2811.9,35917,865,0.0241,3.25,56,50.21,6,3900.0,0.387
2024-02-14,Meta Retargeting,758.12,33824,1187,0.0351,0.64,165,4.59,23,27600.0,35.406
2024-02-14,Organic SEO,250.0,18241,656,0.036,0.38,54,4.63,9,2700.0,9.8
2024-02-14,Partner Referral,576.51,8035,544,0.0678,1.06,36,16.01,7,2100.0,2.643
2024-02-15,Google Search Ads,1625.96,30128,1150,0.0382,1.41,128,12.7,25,7500.0,3.613
2024-02-15,LinkedIn B2B,2277.9,20374,321,0.0158,7.1,28,81.35,5,6000.0,1.634
2024-02-15,Meta Retargeting,774.68,31783,991,0.0312,0.78,72,10.76,8,5200.0,5.712
2024-02-15,Organic SEO,250.0,18245,895,0.0491,0.28,91,2.75,12,14400.0,56.6
2024-02-15,Partner Referral,415.34,7204,406,0.0564,1.02,34,12.22,4,1200.0,1.889
2024-02-16,Google Search Ads,1313.35,30037,1216,0.0405,1.08,74,17.75,9,10800.0,7.223
2024-02-16,LinkedIn B2B,2447.84,30697,488,0.0159,5.02,62,39.48,12,7800.0,2.186
2024-02-16,Meta Retargeting,663.94,21597,630,0.0292,1.05,76,8.74,11,13200.0,18.881
2024-02-16,Organic SEO,250.0,13300,666,0.0501,0.38,63,3.97,10,3000.0,11.0
2024-02-16,Partner Referral,370.28,5012,325,0.065,1.14,38,9.74,7,1050.0,1.836
2024-02-17,Google Search Ads,2213.19,51797,1465,0.0283,1.51,200,11.07,38,5700.0,1.575
2024-02-17,LinkedIn B2B,1883.83,23575,363,0.0154,5.19,42,44.85,8,9600.0,4.096
2024-02-17,Meta Retargeting,578.27,19186,437,0.0228,1.32,44,13.14,6,3900.0,5.744
2024-02-17,Organic SEO,250.0,17073,718,0.0421,0.35,71,3.52,12,1800.0,6.2
2024-02-17,Partner Referral,438.81,6869,394,0.0574,1.11,39,11.25,5,1500.0,2.418
2024-02-18,Google Search Ads,1243.72,26743,1155,0.0432,1.08,145,8.58,18,2700.0,1.171
2024-02-18,LinkedIn B2B,1909.9,21022,578,0.0275,3.3,35,54.57,4,4800.0,1.513
2024-02-18,Meta Retargeting,431.97,18934,634,0.0335,0.68,78,5.54,13,3900.0,8.028
2024-02-18,Organic SEO,250.0,14634,755,0.0516,0.33,68,3.68,8,1200.0,3.8
2024-02-18,Partner Referral,402.49,4943,340,0.0689,1.18,25,16.1,4,4800.0,10.926
2024-02-19,Google Search Ads,1995.36,36015,1310,0.0364,1.52,155,12.87,30,19500.0,8.773
2024-02-19,LinkedIn B2B,2431.53,20303,326,0.0161,7.46,41,59.31,6,1800.0,-0.26
2024-02-19,Meta Retargeting,520.07,18976,709,0.0374,0.73,44,11.82,7,2100.0,3.038
2024-02-19,Organic SEO,250.0,13212,613,0.0464,0.41,41,6.1,5,1500.0,5.0
2024-02-19,Partner Referral,460.24,7485,320,0.0428,1.44,19,24.22,3,1950.0,3.237
2024-02-20,Google Search Ads,1584.64,36790,1405,0.0382,1.13,146,10.85,25,30000.0,17.932
2024-02-20,LinkedIn B2B,2185.68,27382,648,0.0237,3.37,80,27.32,15,18000.0,7.235
2024-02-20,Meta Retargeting,749.93,22860,701,0.0307,1.07,97,7.73,15,2250.0,2.0
2024-02-20,Organic SEO,250.0,16646,857,0.0515,0.29,72,3.47,7,8400.0,32.6
2024-02-20,Partner Referral,446.02,4752,196,0.0413,2.28,19,23.47,3,450.0,0.009
2024-02-21,Google Search Ads,2076.22,47036,1655,0.0352,1.25,115,18.05,24,15600.0,6.514
2024-02-21,LinkedIn B2B,2216.89,23826,407,0.0171,5.45,51,43.47,5,750.0,-0.662
2024-02-21,Meta Retargeting,527.77,15994,401,0.0251,1.32,42,12.57,4,600.0,0.137
2024-02-21,Organic SEO,250.0,19450,890,0.0458,0.28,86,2.91,14,4200.0,15.8
2024-02-21,Partner Referral,398.23,6765,360,0.0533,1.11,41,9.71,7,8400.0,20.093
2024-02-22,Google Search Ads,1512.59,30224,970,0.0321,1.56,115,13.15,22,6600.0,3.363
2024-02-22,LinkedIn B2B,1666.19,16274,452,0.0278,3.69,27,61.71,4,4800.0,1.881
2024-02-22,Meta Retargeting,725.17,30209,752,0.0249,0.96,48,15.11,9,2700.0,2.723
2024-02-22,Organic SEO,250.0,12596,463,0.0368,0.54,49,5.1,7,8400.0,32.6
2024-02-22,Partner Referral,360.75,5325,271,0.0509,1.33,19,18.99,3,450.0,0.247
2024-02-23,Google Search Ads,1330.13,32771,966,0.0295,1.38,130,10.23,25,3750.0,1.819
2024-02-23,LinkedIn B2B,1886.03,20300,347,0.0171,5.44,32,58.94,3,1950.0,0.034
2024-02-23,Meta Retargeting,524.34,20257,455,0.0225,1.15,41,12.79,5,3250.0,5.198
2024-02-23,Organic SEO,250.0,19540,805,0.0412,0.31,108,2.31,19,5700.0,21.8
2024-02-23,Partner Referral,535.48,5663,389,0.0688,1.38,36,14.87,4,600.0,0.12
2024-02-24,Google Search Ads,1725.43,39605,1623,0.041,1.06,201,8.58,40,12000.0,5.955
2024-02-24,LinkedIn B2B,2064.76,18484,402,0.0218,5.14,48,43.02,6,1800.0,-0.128
2024-02-24,Meta Retargeting,446.57,15879,554,0.0349,0.81,37,12.07,6,900.0,1.015
2024-02-24,Organic SEO,250.0,18137,707,0.039,0.35,97,2.58,20,6000.0,23.0
2024-02-24,Partner Referral,530.04,5839,369,0.0632,1.44,36,14.72,7,4550.0,7.584
2024-02-25,Google Search Ads,1858.57,36125,1336,0.037,1.39,163,11.4,21,25200.0,12.559
2024-02-25,LinkedIn B2B,2360.9,30004,657,0.0219,3.59,70,33.73,7,4550.0,0.927
2024-02-25,Meta Retargeting,709.62,30022,777,0.0259,0.91,87,8.16,9,2700.0,2.805
2024-02-25,Organic SEO,250.0,13341,577,0.0433,0.43,46,5.43,7,4550.0,17.2
2024-02-25,Partner Referral,449.39,7356,440,0.0599,1.02,52,8.64,7,1050.0,1.337
2024-02-26,Google Search Ads,1368.55,32578,1078,0.0331,1.27,111,12.33,11,13200.0,8.645
2024-02-26,LinkedIn B2B,2372.72,32435,522,0.0161,4.55,35,67.79,7,1050.0,-0.557
2024-02-26,Meta Retargeting,570.12,22352,523,0.0234,1.09,53,10.76,8,2400.0,3.21
2024-02-26,Organic SEO,250.0,19305,972,0.0504,0.26,134,1.87,21,6300.0,24.2
2024-02-26,Partner Referral,490.72,8558,394,0.0461,1.25,45,10.9,5,3250.0,5.623
2024-02-27,Google Search Ads,2184.84,45280,1453,0.0321,1.5,113,19.33,17,20400.0,8.337
2024-02-27,LinkedIn B2B,2449.11,31710,691,0.0218,3.54,94,26.05,9,1350.0,-0.449
2024-02-27,Meta Retargeting,456.77,18552,669,0.0361,0.68,55,8.3,6,3900.0,7.538
2024-02-27,Organic SEO,250.0,12826,488,0.0381,0.51,64,3.91,7,8400.0,32.6
2024-02-27,Partner Referral,351.54,6275,306,0.0488,1.15,40,8.79,4,4800.0,12.654
2024-02-28,Google Search Ads,2196.84,48057,1624,0.0338,1.35,196,11.21,23,6900.0,2.141
2024-02-28,LinkedIn B2B,2503.27,26710,662,0.0248,3.78,77,32.51,7,4550.0,0.818
2024-02-28,Meta Retargeting,557.33,19833,634,0.032,0.88,46,12.12,6,3900.0,5.998
2024-02-28,Organic SEO,250.0,17689,833,0.0471,0.3,97,2.58,20,24000.0,95.0
2024-02-28,Partner Referral,587.25,7021,477,0.068,1.23,60,9.79,9,10800.0,17.391
2024-02-29,Google Search Ads,1917.14,37560,1190,0.0317,1.61,134,14.31,16,4800.0,1.504
2024-02-29,LinkedIn B2B,1968.62,27432,480,0.0175,4.1,59,33.37,6,1800.0,-0.086
2024-02-29,Meta Retargeting,624.5,27627,897,0.0325,0.7,122,5.12,13,15600.0,23.98
2024-02-29,Organic SEO,250.0,18489,761,0.0412,0.33,57,4.39,10,6500.0,25.0
2024-02-29,Partner Referral,422.65,6681,287,0.043,1.47,34,12.43,3,900.0,1.129
2024-03-01,Google Search Ads,1978.67,37047,1400,0.0378,1.41,152,13.02,32,4800.0,1.426
2024-03-01,LinkedIn B2B,2193.16,17546,466,0.0266,4.71,28,78.33,5,1500.0,-0.316
2024-03-01,Meta Retargeting,584.47,23555,690,0.0293,0.85,43,13.59,5,1500.0,1.566
2024-03-01,Organic SEO,250.0,13904,504,0.0363,0.5,32,7.81,3,450.0,0.8
2024-03-01,Partner Referral,314.6,5035,345,0.0687,0.91,20,15.73,2,300.0,-0.046
2024-03-02,Google Search Ads,1039.5,23632,959,0.0406,1.08,102,10.19,13,15600.0,14.007
2024-03-02,LinkedIn B2B,1470.13,13681,266,0.0195,5.53,19,77.38,3,1950.0,0.326
2024-03-02,Meta Retargeting,618.7,21609,507,0.0235,1.22,52,11.9,10,1500.0,1.424
2024-03-02,Organic SEO,250.0,16065,599,0.0373,0.42,46,5.43,10,3000.0,11.0
2024-03-02,Partner Referral,423.49,5848,353,0.0604,1.2,45,9.41,8,1200.0,1.834
2024-03-03,Google Search Ads,1301.89,27159,1151,0.0424,1.13,118,11.03,12,14400.0,10.061
2024-03-03,LinkedIn B2B,2105.84,28364,714,0.0252,2.95,54,39.0,10,1500.0,-0.288
2024-03-03,Meta Retargeting,757.59,34089,1049,0.0308,0.72,114,6.65,22,6600.0,7.712
2024-03-03,Organic SEO,250.0,16412,594,0.0362,0.42,69,3.62,10,3000.0,11.0
2024-03-03,Partner Referral,352.83,5606,257,0.046,1.37,20,17.64,2,300.0,-0.15
2024-03-04,Google Search Ads,1326.45,29977,1348,0.045,0.98,130,10.2,24,15600.0,10.761
2024-03-04,LinkedIn B2B,1816.14,18570,399,0.0215,4.55,41,44.3,8,9600.0,4.286
2024-03-04,Meta Retargeting,594.49,17847,649,0.0364,0.92,53,11.22,6,7200.0,11.111
2024-03-04,Organic SEO,250.0,13274,557,0.042,0.45,52,4.81,8,2400.0,8.6
2024-03-04,Partner Referral,534.59,5724,242,0.0424,2.21,20,26.73,2,300.0,-0.439
2024-03-05,Google Search Ads,981.48,24467,858,0.0351,1.14,107,9.17,19,5700.0,4.808
2024-03-05,LinkedIn B2B,1395.21,16597,395,0.0238,3.53,49,28.47,10,12000.0,7.601
2024-03-05,Meta Retargeting,506.73,16728,376,0.0225,1.35,33,15.36,6,1800.0,2.552
2024-03-05,Organic SEO,250.0,14844,562,0.0379,0.44,42,5.95,8,9600.0,37.4
2024-03-05,Partner Referral,355.9,6305,269,0.0428,1.32,32,11.12,3,1950.0,4.479
2024-03-06,Google Search Ads,1349.32,26553,1056,0.0398,1.28,125,10.79,27,8100.0,5.003
2024-03-06,LinkedIn B2B,1266.54,15612,388,0.0249,3.26,50,25.33,8,2400.0,0.895
2024-03-06,Meta Retargeting,565.6,24635,618,0.0251,0.92,85,6.65,16,4800.0,7.487
2024-03-06,Organic SEO,250.0,13987,658,0.0471,0.38,45,5.56,9,5850.0,22.4
2024-03-06,Partner Referral,453.14,7911,405,0.0513,1.12,25,18.13,4,600.0,0.324
2024-03-07,Google Search Ads,806.2,16021,544,0.034,1.48,46,17.53,7,1050.0,0.302
2024-03-07,LinkedIn B2B,1309.91,17105,277,0.0162,4.73,17,77.05,2,300.0,-0.771
2024-03-07,Meta Retargeting,642.39,21962,546,0.0249,1.18,35,18.35,5,1500.0,1.335
2024-03-07,Organic SEO,250.0,12359,520,0.0421,0.48,57,4.39,11,13200.0,51.8
2024-03-07,Partner Referral,333.88,4137,199,0.0483,1.68,21,15.9,2,300.0,-0.101
2024-03-08,Google Search Ads,1018.1,24823,863,0.0348,1.18,95,10.72,14,4200.0,3.125
2024-03-08,LinkedIn B2B,1926.58,23542,444,0.0189,4.34,36,53.52,5,1500.0,-0.221
2024-03-08,Meta Retargeting,492.41,21933,715,0.0326,0.69,54,9.12,10,12000.0,23.37
2024-03-08,Organic SEO,250.0,14032,707,0.0504,0.35,55,4.55,8,5200.0,19.8
2024-03-08,Partner Referral,404.51,7105,345,0.0486,1.17,24,16.85,5,1500.0,2.708
2024-03-09,Google Search Ads,978.37,20852,742,0.0356,1.32,55,17.79,9,5850.0,4.979
2024-03-09,LinkedIn B2B,1632.81,18785,512,0.0273,3.19,71,23.0,7,8400.0,4.145
2024-03-09,Meta Retargeting,557.47,22419,670,0.0299,0.83,42,13.27,8,1200.0,1.153
2024-03-09,Organic SEO,250.0,16582,761,0.0459,0.33,57,4.39,9,1350.0,4.4
2024-03-09,Partner Referral,539.78,7985,404,0.0506,1.34,30,17.99,5,1500.0,1.779
2024-03-10,Google Search Ads,1183.26,22797,934,0.041,1.27,128,9.24,18,11700.0,8.888
2024-03-10,LinkedIn B2B,1936.98,17112,378,0.0221,5.12,38,50.97,5,3250.0,0.678
2024-03-10,Meta Retargeting,735.52,24129,909,0.0377,0.81,81,9.08,14,4200.0,4.71
2024-03-10,Organic SEO,250.0,14503,697,0.0481,0.36,53,4.72,8,2400.0,8.6
2024-03-10,Partner Referral,472.54,8235,572,0.0695,0.83,55,8.59,9,10800.0,21.855
2024-03-11,Google Search Ads,1358.24,30913,1270,0.0411,1.07,116,11.71,23,6900.0,4.08
2024-03-11,LinkedIn B2B,1966.19,19395,494,0.0255,3.98,49,40.13,6,900.0,-0.542
2024-03-11,Meta Retargeting,745.69,31308,867,0.0277,0.86,99,7.53,12,14400.0,18.311
2024-03-11,Organic SEO,250.0,17500,626,0.0358,0.4,52,4.81,10,12000.0,47.0
2024-03-11,Partner Referral,553.74,5643,353,0.0626,1.57,37,14.97,6,3900.0,6.043
2024-03-12,Google Search Ads,1077.8,26243,978,0.0373,1.1,111,9.71,12,3600.0,2.34
2024-03-12,LinkedIn B2B,1695.29,19025,490,0.0258,3.46,62,27.34,7,2100.0,0.239
2024-03-12,Meta Retargeting,793.17,28008,663,0.0237,1.2,74,10.72,7,1050.0,0.324
2024-03-12,Organic SEO,250.0,15735,678,0.0431,0.37,62,4.03,6,900.0,2.6
2024-03-12,Partner Referral,304.79,4557,258,0.0568,1.18,20,15.24,3,900.0,1.953
2024-03-13,Google Search Ads,871.09,17654,676,0.0383,1.29,41,21.25,4,4800.0,4.51
2024-03-13,LinkedIn B2B,1707.76,21159,395,0.0187,4.32,54,31.63,9,10800.0,5.324
2024-03-13,Meta Retargeting,686.53,23726,794,0.0335,0.86,92,7.46,15,2250.0,2.277
2024-03-13,Organic SEO,250.0,17809,694,0.039,0.36,74,3.38,7,1050.0,3.2
2024-03-13,Partner Referral,433.7,5525,338,0.0612,1.28,42,10.33,5,3250.0,6.494
2024-03-14,Google Search Ads,901.5,18622,525,0.0282,1.72,56,16.1,11,7150.0,6.931
2024-03-14,LinkedIn B2B,1369.19,16647,409,0.0246,3.35,40,34.23,4,4800.0,2.506
2024-03-14,Meta Retargeting,661.64,22724,858,0.0378,0.77,116,5.7,19,12350.0,17.666
2024-03-14,Organic SEO,250.0,18234,696,0.0382,0.36,66,3.79,12,1800.0,6.2
2024-03-14,Partner Referral,448.8,5252,316,0.0602,1.42,21,21.37,2,1300.0,1.897
2024-03-15,Google Search Ads,1072.84,23459,959,0.0409,1.12,106,10.12,14,2100.0,0.957
2024-03-15,LinkedIn B2B,1603.45,21530,385,0.0179,4.16,44,36.44,5,3250.0,1.027
2024-03-15,Meta Retargeting,799.52,28011,789,0.0282,1.01,57,14.03,7,2100.0,1.627
2024-03-15,Organic SEO,250.0,13128,706,0.0538,0.35,61,4.1,6,3900.0,14.6
2024-03-15,Partner Referral,517.36,5703,249,0.0437,2.08,32,16.17,6,900.0,0.74
2024-03-16,Google Search Ads,804.72,20016,618,0.0309,1.3,69,11.66,12,14400.0,16.894
2024-03-16,LinkedIn B2B,2008.94,24430,376,0.0154,5.34,38,52.87,6,7200.0,2.584
2024-03-16,Meta Retargeting,568.33,21634,493,0.0228,1.15,63,9.02,7,4550.0,7.006
2024-03-16,Organic SEO,250.0,17294,859,0.0497,0.29,102,2.45,11,3300.0,12.2
2024-03-16,Partner Referral,503.09,7253,497,0.0686,1.01,49,10.27,7,8400.0,15.697
2024-03-17,Google Search Ads,1084.92,21290,702,0.033,1.55,66,16.44,9,5850.0,4.392
2024-03-17,LinkedIn B2B,2038.17,28530,547,0.0192,3.73,69,29.54,14,2100.0,0.03
2024-03-17,Meta Retargeting,738.93,23926,579,0.0242,1.28,63,11.73,12,3600.0,3.872
2024-03-17,Organic SEO,250.0,17928,700,0.0391,0.36,89,2.81,13,3900.0,14.6
2024-03-17,Partner Referral,323.64,3367,174,0.0517,1.86,10,32.36,2,600.0,0.854
2024-03-18,Google Search Ads,894.29,16574,492,0.0297,1.82,44,20.32,6,3900.0,3.361
2024-03-18,LinkedIn B2B,2093.56,22463,350,0.0156,5.98,42,49.85,8,5200.0,1.484
2024-03-18,Meta Retargeting,527.05,19277,613,0.0318,0.86,60,8.78,12,14400.0,26.322
2024-03-18,Organic SEO,250.0,12756,618,0.0485,0.4,47,5.32,5,3250.0,12.0
2024-03-18,Partner Referral,492.04,7854,332,0.0423,1.48,21,23.43,2,300.0,-0.39
2024-03-19,Google Search Ads,1388.89,28606,946,0.0331,1.47,93,14.93,16,10400.0,6.488
2024-03-19,LinkedIn B2B,1269.62,14659,241,0.0165,5.27,28,45.34,5,3250.0,1.56
2024-03-19,Meta Retargeting,571.72,24494,551,0.0225,1.04,54,10.59,11,7150.0,11.506
2024-03-19,Organic SEO,250.0,19381,792,0.0409,0.32,104,2.4,11,1650.0,5.6
2024-03-19,Partner Referral,576.5,8822,615,0.0698,0.94,73,7.9,13,3900.0,5.765
2024-03-20,Google Search Ads,996.32,23069,920,0.0399,1.08,125,7.97,23,27600.0,26.702
2024-03-20,LinkedIn B2B,1384.6,17380,439,0.0253,3.15,34,40.72,3,450.0,-0.675
2024-03-20,Meta Retargeting,491.48,21467,656,0.0306,0.75,55,8.94,10,3000.0,5.104
2024-03-20,Organic SEO,250.0,14795,562,0.038,0.44,50,5.0,8,2400.0,8.6
2024-03-20,Partner Referral,378.96,5352,350,0.0655,1.08,26,14.58,2,300.0,-0.208
2024-03-21,Google Search Ads,1206.55,25008,742,0.0297,1.63,62,19.46,12,14400.0,10.935
2024-03-21,LinkedIn B2B,2025.86,26020,655,0.0252,3.09,46,44.04,6,1800.0,-0.111
2024-03-21,Meta Retargeting,522.16,16494,582,0.0353,0.9,70,7.46,13,8450.0,15.183
2024-03-21,Organic SEO,250.0,13094,633,0.0484,0.39,86,2.91,15,18000.0,71.0
2024-03-21,Partner Referral,457.06,8167,421,0.0516,1.09,57,8.02,9,2700.0,4.907
2024-03-22,Google Search Ads,808.41,19957,728,0.0365,1.11,92,8.79,15,4500.0,4.566
2024-03-22,LinkedIn B2B,1647.24,20488,571,0.0279,2.88,46,35.81,8,9600.0,4.828
2024-03-22,Meta Retargeting,557.55,19843,722,0.0364,0.77,72,7.74,11,7150.0,11.824
2024-03-22,Organic SEO,250.0,16440,723,0.044,0.35,53,4.72,5,6000.0,23.0
2024-03-22,Partner Referral,457.68,7784,428,0.055,1.07,33,13.87,6,900.0,0.966
2024-03-23,Google Search Ads,807.91,18350,596,0.0325,1.36,81,9.97,11,3300.0,3.085
2024-03-23,LinkedIn B2B,1236.41,13570,241,0.0178,5.13,14,88.32,1,300.0,-0.757
2024-03-23,Meta Retargeting,661.86,26667,997,0.0374,0.66,89,7.44,10,1500.0,1.266
2024-03-23,Organic SEO,250.0,15150,572,0.0378,0.44,57,4.39,11,1650.0,5.6
2024-03-23,Partner Referral,553.97,9568,647,0.0677,0.86,78,7.1,14,9100.0,15.427
2024-03-24,Google Search Ads,1006.75,24430,757,0.031,1.33,77,13.07,14,2100.0,1.086
2024-03-24,LinkedIn B2B,1641.96,20603,445,0.0216,3.69,37,44.38,4,4800.0,1.923
2024-03-24,Meta Retargeting,622.27,27475,1002,0.0365,0.62,98,6.35,13,8450.0,12.579
2024-03-24,Organic SEO,250.0,17168,700,0.0408,0.36,54,4.63,9,10800.0,42.2
2024-03-24,Partner Referral,400.32,6201,293,0.0474,1.37,27,14.83,5,750.0,0.874
2024-03-25,Google Search Ads,844.65,19788,809,0.0409,1.04,73,11.57,8,5200.0,5.156
2024-03-25,LinkedIn B2B,1719.71,16364,458,0.028,3.75,37,46.48,4,2600.0,0.512
2024-03-25,Meta Retargeting,647.29,27522,828,0.0301,0.78,114,5.68,24,15600.0,23.1
2024-03-25,Organic SEO,250.0,13168,583,0.0443,0.43,46,5.43,5,3250.0,12.0
2024-03-25,Partner Referral,495.79,6842,350,0.0513,1.42,32,15.49,6,1800.0,2.631
2024-03-26,Google Search Ads,1086.22,26108,890,0.0341,1.22,93,11.68,15,9750.0,7.976
2024-03-26,LinkedIn B2B,1775.74,17541,364,0.0208,4.88,32,55.49,4,2600.0,0.464
2024-03-26,Meta Retargeting,585.64,22663,754,0.0333,0.78,70,8.37,13,8450.0,13.429
2024-03-26,Organic SEO,250.0,19548,1020,0.0522,0.25,95,2.63,11,1650.0,5.6
2024-03-26,Partner Referral,393.87,4453,224,0.0504,1.76,23,17.12,2,300.0,-0.238
2024-03-27,Google Search Ads,1169.78,29012,1215,0.0419,0.96,148,7.9,23,27600.0,22.594
2024-03-27,LinkedIn B2B,1723.9,17990,316,0.0176,5.46,34,50.7,7,4550.0,1.639
2024-03-27,Meta Retargeting,456.85,17023,505,0.0297,0.9,67,6.82,7,4550.0,8.96
2024-03-27,Organic SEO,250.0,19199,729,0.038,0.34,49,5.1,8,2400.0,8.6
2024-03-27,Partner Referral,394.72,5879,360,0.0613,1.1,21,18.8,2,1300.0,2.293
2024-03-28,Google Search Ads,986.61,18097,533,0.0295,1.85,66,14.95,13,15600.0,14.812
2024-03-28,LinkedIn B2B,2178.15,25063,438,0.0175,4.97,50,43.56,5,3250.0,0.492
2024-03-28,Meta Retargeting,602.41,26715,646,0.0242,0.93,89,6.77,13,8450.0,13.027
2024-03-28,Organic SEO,250.0,17495,888,0.0508,0.28,102,2.45,14,16800.0,66.2
2024-03-28,Partner Referral,485.88,6479,413,0.0638,1.18,56,8.68,5,3250.0,5.689
2024-03-29,Google Search Ads,983.27,23059,993,0.0431,0.99,99,9.93,19,12350.0,11.56
2024-03-29,LinkedIn B2B,1917.02,26432,692,0.0262,2.77,86,22.29,9,10800.0,4.634
2024-03-29,Meta Retargeting,735.63,29078,718,0.0247,1.02,47,15.65,6,3900.0,4.302
2024-03-29,Organic SEO,250.0,18168,953,0.0525,0.26,126,1.98,18,11700.0,45.8
2024-03-29,Partner Referral,333.03,5233,232,0.0444,1.44,15,22.2,1,1200.0,2.603
2024-03-30,Google Search Ads,1107.32,21669,617,0.0285,1.79,60,18.46,7,4550.0,3.109
2024-03-30,LinkedIn B2B,1958.39,17486,477,0.0273,4.11,51,38.4,5,6000.0,2.064
2024-03-30,Meta Retargeting,767.71,27338,675,0.0247,1.14,55,13.96,8,9600.0,11.505
2024-03-30,Organic SEO,250.0,17583,926,0.0527,0.27,70,3.57,8,1200.0,3.8
2024-03-30,Partner Referral,584.83,10480,673,0.0643,0.87,48,12.18,8,9600.0,15.415
2024-03-31,Google Search Ads,1275.62,30257,853,0.0282,1.5,89,14.33,13,3900.0,2.057
2024-03-31,LinkedIn B2B,1393.97,14680,353,0.0241,3.95,39,35.74,7,4550.0,2.264
2024-03-31,Meta Retargeting,497.29,22056,666,0.0302,0.75,47,10.58,5,750.0,0.508
2024-03-31,Organic SEO,250.0,12136,439,0.0362,0.57,30,8.33,4,600.0,1.4
2024-03-31,Partner Referral,332.5,3325,143,0.0431,2.33,17,19.56,3,900.0,1.707
2024-04-01,Google Search Ads,1157.93,28571,1059,0.0371,1.09,147,7.88,17,20400.0,16.618
2024-04-01,LinkedIn B2B,1394.06,14276,289,0.0203,4.82,24,58.09,3,900.0,-0.354
2024-04-01,Meta Retargeting,781.66,25103,825,0.0329,0.95,62,12.61,8,5200.0,5.653
2024-04-01,Organic SEO,250.0,13333,667,0.0501,0.37,52,4.81,6,7200.0,27.8
2024-04-01,Partner Referral,505.0,5835,381,0.0653,1.33,31,16.29,4,2600.0,4.149
2024-04-02,Google Search Ads,1021.51,23743,930,0.0392,1.1,97,10.53,14,9100.0,7.908
2024-04-02,LinkedIn B2B,1273.41,16526,284,0.0172,4.48,19,67.02,2,1300.0,0.021
2024-04-02,Meta Retargeting,407.22,17421,594,0.0341,0.69,44,9.26,6,1800.0,3.42
2024-04-02,Organic SEO,250.0,14716,612,0.0416,0.41,80,3.12,8,1200.0,3.8
2024-04-02,Partner Referral,571.24,8432,492,0.0584,1.16,57,10.02,10,1500.0,1.626
2024-04-03,Google Search Ads,880.03,17677,742,0.042,1.19,52,16.92,9,10800.0,11.272
2024-04-03,LinkedIn B2B,1971.97,20016,510,0.0255,3.87,69,28.58,9,10800.0,4.477
2024-04-03,Meta Retargeting,627.05,24166,676,0.028,0.93,92,6.82,18,5400.0,7.612
2024-04-03,Organic SEO,250.0,12845,578,0.045,0.43,72,3.47,15,4500.0,17.0
2024-04-03,Partner Referral,414.24,4773,260,0.0545,1.59,34,12.18,4,600.0,0.448
2024-04-04,Google Search Ads,1315.5,24617,704,0.0286,1.87,60,21.93,7,8400.0,5.385
2024-04-04,LinkedIn B2B,1503.54,15551,398,0.0256,3.78,24,62.65,3,900.0,-0.401
2024-04-04,Meta Retargeting,736.93,26875,626,0.0233,1.18,63,11.7,10,6500.0,7.82
2024-04-04,Organic SEO,250.0,14180,755,0.0533,0.33,89,2.81,10,12000.0,47.0
2024-04-04,Partner Referral,499.81,7455,439,0.059,1.14,34,14.7,4,2600.0,4.202
2024-04-05,Google Search Ads,1239.77,23868,1052,0.0441,1.18,119,10.42,13,1950.0,0.573
2024-04-05,LinkedIn B2B,2174.15,30302,848,0.028,2.56,111,19.59,19,5700.0,1.622
2024-04-05,Meta Retargeting,470.78,17962,669,0.0373,0.7,73,6.45,7,1050.0,1.23
2024-04-05,Organic SEO,250.0,17275,730,0.0423,0.34,73,3.42,15,2250.0,8.0
2024-04-05,Partner Referral,353.19,4034,265,0.0658,1.33,34,10.39,5,1500.0,3.247
2024-04-06,Google Search Ads,1028.08,21493,700,0.0326,1.47,71,14.48,9,2700.0,1.626
2024-04-06,LinkedIn B2B,1726.01,20068,423,0.0211,4.08,55,31.38,7,1050.0,-0.392
2024-04-06,Meta Retargeting,597.35,23951,749,0.0313,0.8,100,5.97,17,2550.0,3.269
2024-04-06,Organic SEO,250.0,13465,639,0.0475,0.39,87,2.87,14,2100.0,7.4
2024-04-06,Partner Referral,378.91,5434,237,0.0437,1.6,29,13.07,5,1500.0,2.959
2024-04-07,Google Search Ads,1150.83,27024,902,0.0334,1.28,91,12.65,16,2400.0,1.085
2024-04-07,LinkedIn B2B,2169.0,27671,586,0.0212,3.7,49,44.27,7,8400.0,2.873
2024-04-07,Meta Retargeting,592.82,25621,865,0.0338,0.69,73,8.12,10,6500.0,9.965
2024-04-07,Organic SEO,250.0,19839,813,0.041,0.31,53,4.72,10,12000.0,47.0
2024-04-07,Partner Referral,383.84,5944,251,0.0423,1.53,28,13.71,5,6000.0,14.632
2024-04-08,Google Search Ads,835.84,19920,639,0.0321,1.31,84,9.95,11,13200.0,14.792
2024-04-08,LinkedIn B2B,2119.41,19534,529,0.0271,4.01,54,39.25,6,3900.0,0.84
2024-04-08,Meta Retargeting,533.46,19125,501,0.0262,1.06,51,10.46,6,900.0,0.687
2024-04-08,Organic SEO,250.0,12705,647,0.051,0.39,63,3.97,12,7800.0,30.2
2024-04-08,Partner Referral,392.98,6349,258,0.0407,1.52,25,15.72,3,1950.0,3.962
2024-04-09,Google Search Ads,1291.21,23422,667,0.0285,1.94,68,18.99,7,8400.0,5.506
2024-04-09,LinkedIn B2B,1275.35,13695,287,0.021,4.44,24,53.14,3,900.0,-0.294
2024-04-09,Meta Retargeting,592.35,19271,601,0.0312,0.99,57,10.39,12,1800.0,2.039
2024-04-09,Organic SEO,250.0,17477,796,0.0456,0.31,106,2.36,21,13650.0,53.6
2024-04-09,Partner Referral,570.21,8891,406,0.0457,1.4,42,13.58,8,5200.0,8.119
2024-04-10,Google Search Ads,1248.21,27869,964,0.0346,1.29,109,11.45,12,3600.0,1.884
2024-04-10,LinkedIn B2B,2091.59,27344,552,0.0202,3.79,34,61.52,5,3250.0,0.554
2024-04-10,Meta Retargeting,430.38,16807,499,0.0297,0.86,47,9.16,8,1200.0,1.788
2024-04-10,Organic SEO,250.0,15210,582,0.0383,0.43,66,3.79,7,8400.0,32.6
2024-04-10,Partner Referral,548.41,6358,354,0.0557,1.55,33,16.62,5,750.0,0.368
2024-04-11,Google Search Ads,1312.12,25595,911,0.0356,1.44,125,10.5,24,15600.0,10.889
2024-04-11,LinkedIn B2B,2156.73,29461,804,0.0273,2.68,51,42.29,7,8400.0,2.895
2024-04-11,Meta Retargeting,511.85,19885,526,0.0265,0.97,36,14.22,6,3900.0,6.619
2024-04-11,Organic SEO,250.0,18363,648,0.0353,0.39,81,3.09,9,10800.0,42.2
2024-04-11,Partner Referral,432.05,7127,352,0.0495,1.23,33,13.09,5,750.0,0.736
2024-04-12,Google Search Ads,1255.37,27015,1015,0.0376,1.24,64,19.62,12,3600.0,1.868
2024-04-12,LinkedIn B2B,1666.06,20901,443,0.0212,3.76,52,32.04,10,12000.0,6.203
2024-04-12,Meta Retargeting,498.3,18125,686,0.0379,0.73,46,10.83,9,2700.0,4.418
2024-04-12,Organic SEO,250.0,17214,655,0.0381,0.38,64,3.91,7,2100.0,7.4
2024-04-12,Partner Referral,594.28,9933,530,0.0534,1.12,60,9.9,9,5850.0,8.844
2024-04-13,Google Search Ads,1370.67,31097,1393,0.0448,0.98,175,7.83,28,4200.0,2.064
2024-04-13,LinkedIn B2B,1573.69,15540,271,0.0175,5.81,25,62.95,5,6000.0,2.813
2024-04-13,Meta Retargeting,623.24,26543,907,0.0342,0.69,63,9.89,8,5200.0,7.343
2024-04-13,Organic SEO,250.0,14193,594,0.0419,0.42,69,3.62,11,13200.0,51.8
2024-04-13,Partner Referral,417.53,6056,370,0.0612,1.13,50,8.35,10,12000.0,27.74
2024-04-14,Google Search Ads,813.25,18297,523,0.0286,1.55,71,11.45,13,15600.0,18.182
2024-04-14,LinkedIn B2B,2053.85,22010,616,0.028,3.33,36,57.05,4,2600.0,0.266
2024-04-14,Meta Retargeting,557.01,23762,729,0.0307,0.76,71,7.85,13,8450.0,14.17
2024-04-14,Organic SEO,250.0,14021,726,0.0518,0.34,98,2.55,14,9100.0,35.4
2024-04-14,Partner Referral,326.61,4085,207,0.0507,1.58,19,17.19,4,4800.0,13.696
2024-04-15,Google Search Ads,1259.58,26115,791,0.0303,1.59,51,24.7,9,2700.0,1.144
2024-04-15,LinkedIn B2B,1953.33,16811,462,0.0275,4.23,58,33.68,8,2400.0,0.229
2024-04-15,Meta Retargeting,736.29,27733,912,0.0329,0.81,84,8.77,14,16800.0,21.817
2024-04-15,Organic SEO,250.0,12924,652,0.0505,0.38,81,3.09,13,1950.0,6.8
2024-04-15,Partner Referral,559.33,5707,261,0.0459,2.14,25,22.37,4,1200.0,1.145
2024-04-16,Google Search Ads,1039.15,19677,755,0.0384,1.38,80,12.99,12,7800.0,6.506
2024-04-16,LinkedIn B2B,1863.51,16369,296,0.0181,6.3,30,62.12,6,1800.0,-0.034
2024-04-16,Meta Retargeting,551.3,23269,809,0.0348,0.68,76,7.25,9,10800.0,18.59
2024-04-16,Organic SEO,250.0,18768,1028,0.0548,0.24,119,2.1,17,5100.0,19.4
2024-04-16,Partner Referral,579.65,8170,534,0.0654,1.09,58,9.99,9,1350.0,1.329
2024-04-17,Google Search Ads,1301.7,31779,1388,0.0437,0.94,161,8.09,28,8400.0,5.453
2024-04-17,LinkedIn B2B,1429.72,18285,294,0.0161,4.86,36,39.71,5,1500.0,0.049
2024-04-17,Meta Retargeting,658.28,24938,563,0.0226,1.17,36,18.29,4,2600.0,2.95
2024-04-17,Organic SEO,250.0,18898,814,0.0431,0.31,79,3.16,15,2250.0,8.0
2024-04-17,Partner Referral,490.6,7465,338,0.0453,1.45,45,10.9,8,2400.0,3.892
2024-04-18,Google Search Ads,1091.49,19899,642,0.0323,1.7,48,22.74,7,8400.0,6.696
2024-04-18,LinkedIn B2B,1615.31,17070,360,0.0211,4.49,46,35.12,5,1500.0,-0.071
2024-04-18,Meta Retargeting,602.95,20069,531,0.0265,1.14,45,13.4,4,4800.0,6.961
2024-04-18,Organic SEO,250.0,14889,598,0.0402,0.42,40,6.25,6,3900.0,14.6
2024-04-18,Partner Referral,505.02,7486,327,0.0437,1.54,36,14.03,6,1800.0,2.564
2024-04-19,Google Search Ads,1324.12,31549,1012,0.0321,1.31,141,9.39,14,16800.0,11.688
2024-04-19,LinkedIn B2B,1632.12,19915,328,0.0165,4.98,30,54.4,3,450.0,-0.724
2024-04-19,Meta Retargeting,589.7,26280,751,0.0286,0.79,58,10.17,9,10800.0,17.314
2024-04-19,Organic SEO,250.0,15624,793,0.0508,0.32,64,3.91,7,8400.0,32.6
2024-04-19,Partner Referral,585.78,8200,390,0.0476,1.5,47,12.46,6,7200.0,11.291
2024-04-20,Google Search Ads,831.47,18554,638,0.0344,1.3,63,13.2,10,6500.0,6.817
2024-04-20,LinkedIn B2B,1585.33,20972,455,0.0217,3.48,38,41.72,7,2100.0,0.325
2024-04-20,Meta Retargeting,400.19,13978,356,0.0255,1.12,32,12.51,4,4800.0,10.994
2024-04-20,Organic SEO,250.0,15705,838,0.0534,0.3,74,3.38,12,1800.0,6.2
2024-04-20,Partner Referral,428.43,7245,289,0.04,1.48,31,13.82,3,900.0,1.101
2024-04-21,Google Search Ads,1374.26,25022,825,0.033,1.67,103,13.34,21,6300.0,3.584
2024-04-21,LinkedIn B2B,1866.9,25926,396,0.0153,4.71,54,34.57,5,3250.0,0.741
2024-04-21,Meta Retargeting,489.12,15108,353,0.0234,1.39,28,17.47,5,750.0,0.533
2024-04-21,Organic SEO,250.0,15403,634,0.0412,0.39,58,4.31,10,12000.0,47.0
2024-04-21,Partner Referral,508.42,8853,410,0.0464,1.24,52,9.78,9,10800.0,20.242
2024-04-22,Google Search Ads,827.46,17885,600,0.0336,1.38,41,20.18,5,6000.0,6.251
2024-04-22,LinkedIn B2B,1875.0,17997,361,0.0201,5.19,32,58.59,5,6000.0,2.2
2024-04-22,Meta Retargeting,647.54,28813,772,0.0268,0.84,72,8.99,10,6500.0,9.038
2024-04-22,Organic SEO,250.0,17857,860,0.0482,0.29,84,2.98,8,9600.0,37.4
2024-04-22,Partner Referral,333.14,5207,315,0.0605,1.06,27,12.34,4,4800.0,13.408
2024-04-23,Google Search Ads,1021.06,18594,714,0.0384,1.43,77,13.26,14,4200.0,3.113
2024-04-23,LinkedIn B2B,2163.0,25747,504,0.0196,4.29,55,39.33,10,6500.0,2.005
2024-04-23,Meta Retargeting,598.32,18982,444,0.0234,1.35,54,11.08,6,3900.0,5.518
2024-04-23,Organic SEO,250.0,17603,626,0.0356,0.4,86,2.91,8,5200.0,19.8
2024-04-23,Partner Referral,470.7,6973,481,0.069,0.98,37,12.72,4,2600.0,4.524
2024-04-24,Google Search Ads,1093.58,22352,659,0.0295,1.66,50,21.87,8,5200.0,3.755
2024-04-24,LinkedIn B2B,1531.48,20992,501,0.0239,3.06,30,51.05,3,900.0,-0.412
2024-04-24,Meta Retargeting,522.94,21363,724,0.0339,0.72,66,7.92,11,13200.0,24.242
2024-04-24,Organic SEO,250.0,18437,905,0.0491,0.28,71,3.52,11,3300.0,12.2
2024-04-24,Partner Referral,485.44,6364,390,0.0614,1.24,42,11.56,7,8400.0,16.304
2024-04-25,Google Search Ads,1441.86,32878,1305,0.0397,1.1,138,10.45,25,3750.0,1.601
2024-04-25,LinkedIn B2B,1852.33,19631,400,0.0204,4.63,27,68.6,4,2600.0,0.404
2024-04-25,Meta Retargeting,760.91,22889,613,0.0268,1.24,43,17.7,6,1800.0,1.366
2024-04-25,Organic SEO,250.0,15030,590,0.0393,0.42,58,4.31,9,5850.0,22.4
2024-04-25,Partner Referral,353.3,4570,268,0.0587,1.32,29,12.18,3,450.0,0.274
2024-04-26,Google Search Ads,960.09,21054,698,0.0332,1.38,44,21.82,5,1500.0,0.562
2024-04-26,LinkedIn B2B,2048.41,28163,735,0.0261,2.79,92,22.27,14,4200.0,1.05
2024-04-26,Meta Retargeting,475.74,14437,358,0.0248,1.33,27,17.62,3,900.0,0.892
2024-04-26,Organic SEO,250.0,15822,579,0.0366,0.43,41,6.1,7,8400.0,32.6
2024-04-26,Partner Referral,480.86,8273,342,0.0414,1.41,34,14.14,5,1500.0,2.119
2024-04-27,Google Search Ads,1213.81,28149,858,0.0305,1.41,77,15.76,15,2250.0,0.854
2024-04-27,LinkedIn B2B,1985.25,23840,359,0.0151,5.53,46,43.16,6,3900.0,0.964
2024-04-27,Meta Retargeting,597.55,23154,555,0.024,1.08,72,8.3,12,14400.0,23.098
2024-04-27,Organic SEO,250.0,14245,517,0.0363,0.48,52,4.81,7,4550.0,17.2
2024-04-27,Partner Referral,372.04,5257,290,0.0553,1.28,22,16.91,4,600.0,0.613
2024-04-28,Google Search Ads,1422.94,34708,1069,0.0308,1.33,122,11.66,16,4800.0,2.373
2024-04-28,LinkedIn B2B,1534.68,21325,336,0.0158,4.57,38,40.39,5,3250.0,1.118
2024-04-28,Meta Retargeting,480.76,20694,676,0.0327,0.71,70,6.87,13,3900.0,7.112
2024-04-28,Organic SEO,250.0,12205,480,0.0394,0.52,47,5.32,8,9600.0,37.4
2024-04-28,Partner Referral,553.32,7089,354,0.05,1.56,21,26.35,4,1200.0,1.169
2024-04-29,Google Search Ads,1192.82,28003,1248,0.0446,0.96,129,9.25,19,2850.0,1.389
2024-04-29,LinkedIn B2B,2169.48,18353,356,0.0194,6.09,32,67.8,6,1800.0,-0.17
2024-04-29,Meta Retargeting,563.68,22450,590,0.0263,0.96,51,11.05,11,7150.0,11.685
2024-04-29,Organic SEO,250.0,13044,636,0.0488,0.39,67,3.73,9,2700.0,9.8
2024-04-29,Partner Referral,386.15,5829,336,0.0577,1.15,36,10.73,4,2600.0,5.733
